                  epoch,         train/box_loss,         train/cls_loss,         train/dfl_loss,   metrics/precision(B),      metrics/recall(B),       metrics/mAP50(B),    metrics/mAP50-95(B),           val/box_loss,           val/cls_loss,           val/dfl_loss,                 lr/pg0,                 lr/pg1,                 lr/pg2
                      1,                 4.9523,                 7.0298,                 4.1783,                      0,                      0,                      0,                      0,                  5.149,                 5.8785,                 4.1669,             0.00035725,             0.00035725,             0.00035725
                      2,                  3.142,                 4.1881,                 3.1034,                      0,                      0,                      0,                      0,                 5.2083,                 5.1044,                 4.2219,             0.00072398,             0.00072398,             0.00072398
                      3,                 2.1829,                 2.8907,                 2.3228,                      0,                      0,                      0,                      0,                  5.006,                 4.6029,                 4.0756,              0.0010858,              0.0010858,              0.0010858
                      4,                 1.9214,                 2.3564,                 1.9962,                      0,                      0,                      0,                      0,                 4.8183,                 4.9003,                 3.9556,              0.0014007,              0.0014007,              0.0014007
                      5,                 1.6534,                 1.9525,                 1.7315,                0.61531,                0.43966,                0.51628,                0.26856,                 1.8487,                 2.0736,                 2.2185,              0.0013913,              0.0013913,              0.0013913
                      6,                 1.4406,                 1.5079,                 1.5692,                0.72761,                0.59483,                 0.6824,                0.39934,                 1.5232,                 1.4496,                 1.7852,              0.0013818,              0.0013818,              0.0013818
                      7,                 1.2817,                 1.2937,                 1.3938,                0.77007,                0.71331,                0.81292,                0.57778,                 1.1785,                 1.2096,                 1.5402,              0.0013724,              0.0013724,              0.0013724
                      8,                 1.1976,                 1.1741,                 1.3312,                0.81144,                0.72752,                0.82595,                0.58128,                 1.1896,                 1.2498,                 1.5313,               0.001363,               0.001363,               0.001363
                      9,                 1.1303,                 1.0794,                 1.2407,                0.88902,                0.79047,                0.87437,                0.62249,                 1.1226,                0.98676,                 1.4608,              0.0013535,              0.0013535,              0.0013535
                     10,                 1.0559,                0.97898,                 1.1931,                0.89915,                0.76724,                0.89316,                 0.6687,                 1.0089,                 1.0316,                 1.3352,              0.0013441,              0.0013441,              0.0013441
                     11,                  1.115,                0.95243,                 1.2239,                 0.9228,                0.84483,                0.91973,                0.64652,                  1.151,                0.85944,                 1.4098,              0.0013347,              0.0013347,              0.0013347
                     12,                 1.0574,                0.93042,                 1.1941,                0.92542,                0.81897,                0.89816,                0.67289,                0.98931,                0.85709,                 1.2939,              0.0013253,              0.0013253,              0.0013253
                     13,                0.99397,                0.83626,                 1.1439,                0.89159,                0.83719,                0.90437,                 0.7046,                0.97259,                0.86264,                 1.2635,              0.0013158,              0.0013158,              0.0013158
                     14,                0.95969,                0.81435,                 1.1101,                0.94595,                0.85345,                0.93791,                0.69788,                0.98023,                0.73776,                 1.2358,              0.0013064,              0.0013064,              0.0013064
                     15,                0.96748,                0.79822,                 1.1062,                0.90449,                0.84827,                  0.921,                0.67589,                 1.0074,                0.82382,                 1.2817,               0.001297,               0.001297,               0.001297
                     16,                0.91779,                0.74662,                 1.0941,                0.93169,                0.90517,                0.94048,                 0.7273,                0.95056,                  0.668,                 1.2299,              0.0012875,              0.0012875,              0.0012875
                     17,                0.89235,                0.73793,                 1.0592,                0.91826,                0.93103,                0.95799,                0.74254,                0.87457,                0.62321,                 1.1719,              0.0012781,              0.0012781,              0.0012781
                     18,                0.89714,                0.70668,                 1.0582,                0.97134,                0.86935,                 0.9642,                0.70469,                 1.0472,                0.65585,                 1.2744,              0.0012687,              0.0012687,              0.0012687
                     19,                0.87552,                0.69597,                   1.06,                0.94506,                0.87069,                0.94988,                0.75896,                0.80698,                 0.6079,                 1.1231,              0.0012592,              0.0012592,              0.0012592
                     20,                0.85414,                0.70566,                 1.0592,                0.94786,                0.85431,                0.95314,                 0.7215,                0.89106,                0.65961,                 1.1595,              0.0012498,              0.0012498,              0.0012498
                     21,                0.83824,                 0.6528,                 1.0287,                0.95875,                0.87921,                0.94329,                0.71264,                0.97502,                0.64795,                 1.2019,              0.0012404,              0.0012404,              0.0012404
                     22,                0.84828,                0.65264,                 1.0414,                0.91696,                0.93103,                0.96401,                0.74022,                0.89205,                0.64014,                 1.1454,              0.0012309,              0.0012309,              0.0012309
                     23,                0.81051,                0.63129,                 1.0266,                0.87795,                0.88515,                0.95292,                0.75133,                0.82814,                0.61755,                 1.0992,              0.0012215,              0.0012215,              0.0012215
                     24,                 0.7853,                0.60391,                0.99781,                0.94898,                0.90517,                0.95598,                 0.7476,                 0.8571,                0.64213,                 1.1228,              0.0012121,              0.0012121,              0.0012121
                     25,                0.79904,                0.60071,                 1.0077,                0.97741,                0.87069,                0.94609,                0.74268,                0.91145,                 0.6007,                 1.1417,              0.0012026,              0.0012026,              0.0012026
                     26,                0.78198,                0.58564,                0.99016,                0.96664,                0.89655,                0.95671,                0.74898,                0.86854,                 0.5898,                 1.1327,              0.0011932,              0.0011932,              0.0011932
                     27,                0.77866,                0.60246,                 1.0096,                0.94118,                0.88619,                0.96279,                0.76289,                0.81283,                0.58547,                 1.0988,              0.0011838,              0.0011838,              0.0011838
                     28,                0.76383,                0.58355,                0.98874,                0.97621,                0.93671,                0.95756,                0.75282,                0.83887,                0.54355,                 1.1221,              0.0011744,              0.0011744,              0.0011744
                     29,                0.76476,                0.57937,                0.99093,                0.95571,                0.95284,                0.96745,                  0.762,                 0.8558,                0.54593,                  1.118,              0.0011649,              0.0011649,              0.0011649
                     30,                0.75998,                0.58279,                0.99468,                0.97151,                0.91083,                0.95119,                 0.7485,                0.86192,                0.55234,                 1.1202,              0.0011555,              0.0011555,              0.0011555
                     31,                0.76107,                0.60051,                 1.0066,                0.89268,                0.93966,                0.96536,                0.79399,                0.76178,                0.55203,                 1.0666,              0.0011461,              0.0011461,              0.0011461
                     32,                0.76404,                0.58444,                 1.0016,                0.97734,                 0.9131,                0.95561,                0.75162,                0.84337,                0.56165,                 1.0962,              0.0011366,              0.0011366,              0.0011366
                     33,                 0.7499,                0.56148,                0.98639,                0.96701,                0.90851,                0.96871,                0.77343,                0.82512,                0.50577,                  1.092,              0.0011272,              0.0011272,              0.0011272
                     34,                0.74207,                0.52353,                 0.9667,                0.98112,                0.92817,                0.97024,                0.79295,                0.75924,                0.49407,                 1.0739,              0.0011178,              0.0011178,              0.0011178
                     35,                0.72886,                 0.5334,                0.96839,                0.95313,                0.90512,                0.96764,                0.74528,                 0.9139,                0.58469,                 1.1263,              0.0011083,              0.0011083,              0.0011083
                     36,                0.72495,                0.52778,                0.96696,                0.96928,                 0.9448,                0.96636,                0.78607,                0.77737,                0.50305,                 1.0834,              0.0010989,              0.0010989,              0.0010989
                     37,                0.70944,                0.53344,                0.95658,                0.95545,                 0.9569,                0.97125,                0.78355,                  0.798,                0.48278,                 1.0715,              0.0010895,              0.0010895,              0.0010895
                     38,                0.71367,                0.52056,                0.96901,                0.96332,                0.91379,                0.96413,                0.78955,                0.76219,                0.51326,                 1.0649,                0.00108,                0.00108,                0.00108
                     39,                0.70011,                0.49567,                0.94374,                 0.9514,                0.87931,                0.95986,                0.77553,                0.79636,                0.51865,                 1.0609,              0.0010706,              0.0010706,              0.0010706
                     40,                0.68232,                0.51277,                0.95009,                0.98134,                0.90813,                0.96856,                0.78803,                0.77464,                0.52063,                 1.0592,              0.0010612,              0.0010612,              0.0010612
                     41,                0.70412,                0.51285,                0.95428,                0.94849,                0.95236,                0.97405,                 0.7877,                0.78726,                0.50892,                 1.0651,              0.0010517,              0.0010517,              0.0010517
                     42,                0.68266,                0.52928,                0.94506,                0.97369,                0.93768,                0.97365,                0.78145,                0.79581,                0.50595,                 1.0604,              0.0010423,              0.0010423,              0.0010423
                     43,                0.68688,                0.50711,                0.95709,                0.96982,                0.88079,                0.96218,                0.78244,                0.77035,                 0.5192,                 1.0655,              0.0010329,              0.0010329,              0.0010329
                     44,                 0.6722,                0.48424,                0.94433,                0.95239,                0.84483,                0.92559,                0.75292,                0.78045,                0.63516,                 1.0808,              0.0010234,              0.0010234,              0.0010234
                     45,                0.66275,                0.49684,                0.94454,                0.96247,                0.91845,                0.95518,                0.78834,                0.75932,                0.50924,                 1.0544,               0.001014,               0.001014,               0.001014
                     46,                0.66467,                0.49344,                0.94923,                0.95086,                0.93103,                0.96368,                0.78317,                 0.7427,                0.52828,                 1.0412,              0.0010046,              0.0010046,              0.0010046
                     47,                0.66784,                0.47982,                0.94847,                 0.9507,                0.92527,                0.96253,                0.77295,                0.79134,                0.51671,                 1.0641,             0.00099516,             0.00099516,             0.00099516
                     48,                0.68793,                 0.4766,                0.96168,                0.95478,                0.91087,                0.95065,                0.77738,                0.74163,                0.51582,                 1.0315,             0.00098572,             0.00098572,             0.00098572
                     49,                0.66318,                 0.4665,                0.94574,                0.96783,                0.90517,                0.96268,                0.77264,                0.82625,                0.52226,                  1.089,             0.00097629,             0.00097629,             0.00097629
                     50,                0.67261,                0.47568,                0.94029,                 0.9504,                0.92887,                0.96062,                0.77618,                0.76839,                0.49591,                  1.051,             0.00096686,             0.00096686,             0.00096686
                     51,                0.64786,                0.46798,                0.93853,                0.96996,                0.96529,                0.96686,                 0.7741,                0.79726,                0.48837,                  1.072,             0.00095743,             0.00095743,             0.00095743
                     52,                0.65213,                0.46803,                0.94047,                0.95395,                0.93782,                0.96716,                0.78373,                0.78395,                0.50232,                 1.0567,               0.000948,               0.000948,               0.000948
                     53,                0.63607,                0.47703,                 0.9337,                0.96678,                 0.9465,                0.96936,                0.78003,                0.74802,                0.47866,                 1.0541,             0.00093857,             0.00093857,             0.00093857
                     54,                0.65163,                 0.4805,                0.92492,                0.98169,                0.92629,                0.96275,                0.78683,                0.75087,                0.47672,                 1.0337,             0.00092914,             0.00092914,             0.00092914
                     55,                0.63838,                0.45396,                0.92417,                0.94907,                0.93103,                 0.9646,                0.77368,                0.78689,                 0.5071,                  1.041,              0.0009197,              0.0009197,              0.0009197
                     56,                0.63937,                0.44566,                0.92551,                 0.9339,                0.93725,                0.95975,                0.78724,                0.74151,                0.47887,                 1.0276,             0.00091027,             0.00091027,             0.00091027
                     57,                0.62866,                0.43633,                0.93326,                0.94287,                0.93103,                0.96526,                0.80013,                0.69354,                0.48393,                 1.0197,             0.00090084,             0.00090084,             0.00090084
                     58,                0.61792,                0.44204,                0.91603,                0.95234,                0.94694,                0.96575,                 0.8037,                0.71762,                0.49131,                 1.0338,             0.00089141,             0.00089141,             0.00089141
                     59,                0.63767,                0.44787,                0.92517,                0.92915,                0.95421,                0.97053,                0.79187,                0.74416,                0.46444,                 1.0389,             0.00088198,             0.00088198,             0.00088198
                     60,                0.62312,                0.43871,                0.92459,                0.96808,                0.93626,                0.97137,                0.81066,                0.71734,                0.44169,                 1.0172,             0.00087255,             0.00087255,             0.00087255
                     61,                0.62578,                0.43497,                0.92153,                0.95387,                 0.9568,                0.97149,                0.79889,                0.73451,                0.47311,                 1.0224,             0.00086312,             0.00086312,             0.00086312
                     62,                0.60558,                0.42429,                0.92531,                0.94222,                0.95646,                0.96842,                0.79422,                0.72071,                 0.4673,                 1.0166,             0.00085368,             0.00085368,             0.00085368
                     63,                0.60286,                0.43352,                0.92143,                0.97423,                0.93645,                 0.9712,                0.80227,                0.72673,                0.46778,                 1.0176,             0.00084425,             0.00084425,             0.00084425
                     64,                0.59887,                0.42014,                0.91806,                0.97276,                0.93974,                0.97317,                0.78418,                0.80248,                0.47416,                 1.0554,             0.00083482,             0.00083482,             0.00083482
                     65,                0.60559,                  0.416,                0.91347,                0.97721,                0.94487,                0.97201,                0.81698,                0.73038,                0.47212,                 1.0263,             0.00082539,             0.00082539,             0.00082539
                     66,                0.57793,                0.42844,                0.90502,                0.98208,                0.96032,                0.97715,                0.81601,                0.70273,                0.42074,                 1.0003,             0.00081596,             0.00081596,             0.00081596
                     67,                0.58029,                0.42219,                0.90683,                0.97043,                 0.9496,                0.97097,                0.80729,                0.71903,                0.46185,                 1.0147,             0.00080653,             0.00080653,             0.00080653
                     68,                0.57027,                0.40413,                0.89807,                0.94786,                0.94194,                0.96858,                0.81082,                0.71611,                0.47145,                 1.0184,              0.0007971,              0.0007971,              0.0007971
                     69,                 0.5718,                 0.4021,                 0.9052,                 0.9673,                0.95242,                0.97285,                 0.8013,                0.73637,                0.44925,                 1.0221,             0.00078766,             0.00078766,             0.00078766
                     70,                 0.5819,                0.41144,                0.90822,                0.97324,                0.96114,                0.96945,                0.80822,                0.72089,                0.45344,                 1.0155,             0.00077823,             0.00077823,             0.00077823
                     71,                0.59459,                0.41026,                  0.905,                0.97148,                0.93966,                0.97359,                  0.809,                0.70936,                0.43415,                 1.0109,              0.0007688,              0.0007688,              0.0007688
                     72,                0.56897,                0.39801,                0.90583,                0.97231,                0.96133,                 0.9793,                0.79582,                0.74419,                0.42338,                 1.0256,             0.00075937,             0.00075937,             0.00075937
                     73,                0.55825,                0.39936,                0.89369,                0.97648,                0.93103,                0.97791,                0.81754,                0.69259,                 0.4128,                0.99573,             0.00074994,             0.00074994,             0.00074994
                     74,                0.57916,                0.40923,                0.90757,                0.97391,                0.95138,                0.97799,                0.81397,                0.69863,                0.41014,                0.99398,             0.00074051,             0.00074051,             0.00074051
                     75,                 0.5601,                0.40657,                0.90115,                0.97406,                0.94828,                0.97708,                0.81917,                0.68359,                0.40176,                0.99765,             0.00073108,             0.00073108,             0.00073108
                     76,                0.55084,                0.40726,                0.90589,                0.95833,                0.93601,                0.96564,                0.79655,                0.71426,                0.45131,                 1.0141,             0.00072164,             0.00072164,             0.00072164
                     77,                0.55686,                0.40441,                0.89876,                0.97735,                0.93103,                0.97161,                0.80423,                0.69803,                 0.4928,                 1.0078,             0.00071221,             0.00071221,             0.00071221
                     78,                0.57858,                0.41388,                0.91884,                0.98066,                 0.9384,                0.97072,                0.81813,                 0.6818,                 0.4425,                0.99735,             0.00070278,             0.00070278,             0.00070278
                     79,                0.57985,                0.39984,                 0.9058,                0.98487,                0.94942,                0.97506,                0.82361,                 0.6602,                0.40635,                0.98245,             0.00069335,             0.00069335,             0.00069335
                     80,                0.56441,                 0.3939,                0.89863,                0.97217,                0.96273,                0.97727,                0.81934,                0.68597,                0.41699,                0.99143,             0.00068392,             0.00068392,             0.00068392
                     81,                0.55051,                 0.3873,                0.89489,                 0.9694,                0.93966,                0.97439,                 0.8066,                0.69347,                0.41813,                 1.0005,             0.00067449,             0.00067449,             0.00067449
                     82,                0.55078,                0.38419,                0.89301,                0.97827,                 0.9569,                0.98046,                0.83024,                0.68065,                0.38819,                0.99345,             0.00066506,             0.00066506,             0.00066506
                     83,                0.55047,                 0.3826,                0.89883,                0.95761,                 0.9569,                0.98033,                0.82616,                0.68055,                0.39691,                0.99386,             0.00065563,             0.00065563,             0.00065563
                     84,                0.53712,                0.37952,                0.89174,                0.96877,                0.96435,                 0.9795,                0.82841,                0.66509,                0.39923,                0.99205,             0.00064619,             0.00064619,             0.00064619
                     85,                 0.5137,                  0.376,                0.87757,                0.97454,                 0.9569,                0.97776,                0.82559,                0.65863,                0.40399,                0.99388,             0.00063676,             0.00063676,             0.00063676
                     86,                0.51764,                0.36434,                 0.8885,                0.97374,                 0.9569,                0.97991,                0.81909,                0.70306,                 0.4067,                 1.0016,             0.00062733,             0.00062733,             0.00062733
                     87,                0.52115,                0.36298,                0.87921,                0.94797,                0.96552,                0.97577,                0.82334,                0.68362,                0.40642,                 1.0078,              0.0006179,              0.0006179,              0.0006179
                     88,                0.53105,                0.36434,                0.88158,                0.96314,                0.95031,                0.96793,                0.81183,                0.66944,                0.40407,                0.98222,             0.00060847,             0.00060847,             0.00060847
                     89,                0.54428,                0.38254,                0.89121,                0.98622,                0.97252,                0.98167,                0.81716,                0.67575,                0.39787,                0.98439,             0.00059904,             0.00059904,             0.00059904
                     90,                0.51071,                0.36107,                0.88172,                0.96226,                 0.9569,                0.97759,                0.83446,                0.62475,                0.38589,                0.96485,             0.00058961,             0.00058961,             0.00058961
                     91,                0.52444,                0.36052,                0.88703,                0.96508,                 0.9518,                0.97816,                0.83045,                0.65543,                0.38918,                0.97769,             0.00058017,             0.00058017,             0.00058017
                     92,                0.53425,                 0.3775,                0.89968,                0.95139,                0.96552,                0.97237,                0.82463,                0.67544,                0.41505,                0.98657,             0.00057074,             0.00057074,             0.00057074
                     93,                0.55381,                0.38085,                0.88759,                0.97477,                 0.9569,                0.97248,                0.82907,                0.64529,                0.39273,                0.97184,             0.00056131,             0.00056131,             0.00056131
                     94,                0.52055,                0.36082,                0.87685,                 0.9622,                0.96552,                0.97448,                0.83149,                0.66435,                0.39415,                 0.9799,             0.00055188,             0.00055188,             0.00055188
                     95,                0.52061,                 0.3704,                0.88201,                0.97928,                0.94828,                0.97858,                0.82439,                0.66643,                0.41452,                0.97646,             0.00054245,             0.00054245,             0.00054245
                     96,                0.51254,                0.35445,                0.87627,                0.96009,                 0.9569,                0.97464,                0.83423,                0.64376,                0.38636,                0.97814,             0.00053302,             0.00053302,             0.00053302
                     97,                 0.5027,                0.35385,                0.88442,                0.94136,                0.97414,                0.98058,                0.84081,                0.64828,                0.38197,                0.96931,             0.00052359,             0.00052359,             0.00052359
                     98,                0.50268,                0.35451,                0.88125,                0.98922,                0.95111,                0.98024,                0.83522,                0.64459,                0.37246,                0.97324,             0.00051415,             0.00051415,             0.00051415
                     99,                0.50252,                0.35658,                0.87506,                0.98217,                0.96258,                0.98149,                0.83931,                0.65251,                 0.3697,                 0.9693,             0.00050472,             0.00050472,             0.00050472
                    100,                 0.5011,                0.34464,                0.87923,                0.97667,                0.93966,                0.97857,                0.83416,                0.64823,                0.37517,                0.97343,             0.00049529,             0.00049529,             0.00049529
                    101,                0.48668,                0.35029,                0.87294,                0.97493,                0.94129,                0.97866,                0.83199,                 0.6383,                0.39045,                0.97361,             0.00048586,             0.00048586,             0.00048586
                    102,                 0.5079,                0.35254,                0.87932,                0.95582,                0.97414,                0.98142,                0.83913,                0.65043,                0.36556,                0.97963,             0.00047643,             0.00047643,             0.00047643
                    103,                0.49561,                0.34875,                0.87945,                0.95761,                 0.9569,                0.97813,                0.83765,                0.61661,                0.37593,                0.95829,               0.000467,               0.000467,               0.000467
                    104,                0.49292,                 0.3483,                0.86659,                0.96584,                0.96171,                0.97733,                0.82596,                0.66282,                0.38731,                0.97468,             0.00045757,             0.00045757,             0.00045757
                    105,                0.49116,                0.33877,                0.86968,                0.96897,                0.96552,                0.98166,                0.84064,                0.65844,                0.38069,                0.97203,             0.00044813,             0.00044813,             0.00044813
                    106,                 0.4972,                0.35803,                0.88154,                0.94536,                0.96452,                0.97554,                0.83386,                0.63194,                0.37874,                0.95515,              0.0004387,              0.0004387,              0.0004387
                    107,                0.48276,                 0.3398,                0.87347,                0.96278,                0.96446,                0.97914,                0.83402,                0.62307,                0.38036,                0.95839,             0.00042927,             0.00042927,             0.00042927
                    108,                 0.4773,                0.34818,                0.86982,                 0.9537,                 0.9575,                0.97641,                0.82703,                0.65729,                 0.3807,                0.97816,             0.00041984,             0.00041984,             0.00041984
                    109,                0.47258,                0.32273,                 0.8661,                0.96569,                0.93222,                0.97545,                0.82414,                 0.6374,                0.37703,                0.95829,             0.00041041,             0.00041041,             0.00041041
                    110,                0.48492,                0.34809,                 0.8734,                0.98046,                0.93224,                0.97958,                0.84075,                0.63939,                0.38569,                0.97475,             0.00040098,             0.00040098,             0.00040098
                    111,                0.47692,                0.33662,                0.87341,                0.97322,                0.95337,                0.98083,                0.82763,                 0.6402,                0.37608,                0.97458,             0.00039155,             0.00039155,             0.00039155
                    112,                0.48635,                0.34408,                0.86693,                0.96128,                0.96552,                0.98046,                0.83095,                0.66002,                 0.3817,                0.97109,             0.00038211,             0.00038211,             0.00038211
                    113,                0.47111,                0.32986,                0.87236,                0.94815,                0.96953,                0.97451,                0.84969,                0.62371,                0.35849,                0.94553,             0.00037268,             0.00037268,             0.00037268
                    114,                0.47581,                0.32564,                0.87196,                0.97578,                0.94828,                0.98258,                0.84152,                0.65033,                0.36634,                0.97137,             0.00036325,             0.00036325,             0.00036325
                    115,                0.46401,                0.32471,                0.86085,                0.97407,                0.93966,                0.98078,                0.84262,                0.64121,                0.36907,                0.96419,             0.00035382,             0.00035382,             0.00035382
                    116,                0.46387,                 0.3209,                0.87302,                0.98963,                0.94828,                0.98161,                0.83955,                0.62623,                0.37001,                0.95418,             0.00034439,             0.00034439,             0.00034439
                    117,                0.45954,                0.32392,                0.86868,                0.98238,                0.96171,                 0.9807,                0.84471,                0.62574,                0.36942,                0.95832,             0.00033496,             0.00033496,             0.00033496
                    118,                0.45588,                0.31891,                0.86812,                0.96245,                0.96552,                0.98015,                0.83681,                0.66282,                0.37131,                0.97437,             0.00032553,             0.00032553,             0.00032553
                    119,                0.45862,                 0.3069,                0.86219,                0.95626,                0.95968,                0.97191,                0.84029,                0.62837,                0.36705,                0.94961,             0.00031609,             0.00031609,             0.00031609
                    120,                0.46564,                0.32027,                0.85838,                 0.9723,                0.95894,                0.98062,                0.84169,                0.63976,                0.37467,                0.96203,             0.00030666,             0.00030666,             0.00030666
                    121,                0.46335,                 0.3185,                0.86238,                0.97282,                0.95425,                0.97696,                0.83374,                0.63017,                0.36348,                 0.9586,             0.00029723,             0.00029723,             0.00029723
                    122,                0.45046,                 0.3208,                0.86654,                0.97921,                0.94828,                0.97993,                0.84361,                0.62192,                0.36952,                0.95152,              0.0002878,              0.0002878,              0.0002878
                    123,                  0.463,                0.32036,                0.87294,                0.98195,                0.96154,                 0.9789,                0.83665,                0.63397,                0.35499,                0.96111,             0.00027837,             0.00027837,             0.00027837
                    124,                0.44904,                0.32228,                0.85811,                0.97427,                 0.9569,                0.97465,                0.84028,                0.61977,                0.36752,                0.95399,             0.00026894,             0.00026894,             0.00026894
                    125,                0.44713,                0.30786,                0.85688,                0.98096,                0.96316,                0.98072,                0.85459,                0.60742,                0.35549,                0.94675,             0.00025951,             0.00025951,             0.00025951
                    126,                0.43856,                 0.3061,                0.85505,                0.94861,                0.97706,                0.98151,                0.84179,                0.62997,                0.35055,                0.96151,             0.00025007,             0.00025007,             0.00025007
                    127,                0.44184,                0.30362,                0.85528,                0.96842,                 0.9569,                0.98102,                0.84104,                0.62499,                0.35351,                0.96103,             0.00024064,             0.00024064,             0.00024064
                    128,                0.44129,                0.30265,                0.86313,                0.95672,                  0.956,                0.98084,                0.84512,                0.62081,                0.35566,                0.96165,             0.00023121,             0.00023121,             0.00023121
                    129,                0.43831,                0.30525,                 0.8572,                0.94896,                0.97934,                0.98188,                0.84872,                0.62105,                0.36191,                0.95896,             0.00022178,             0.00022178,             0.00022178
                    130,                0.45033,                0.31283,                0.86052,                0.96487,                0.97027,                0.98038,                0.84016,                0.60969,                0.36457,                0.95275,             0.00021235,             0.00021235,             0.00021235
                    131,                 0.4481,                0.32443,                0.86383,                0.97268,                0.97173,                0.98179,                0.83932,                 0.6236,                0.34757,                0.95654,             0.00020292,             0.00020292,             0.00020292
                    132,                0.41349,                0.29875,                0.85058,                0.96533,                0.96608,                0.98257,                0.83709,                0.62884,                0.34474,                0.96106,             0.00019349,             0.00019349,             0.00019349
                    133,                0.42683,                0.30903,                0.85081,                0.96263,                0.97414,                0.98112,                0.84666,                0.61446,                0.34625,                0.95615,             0.00018406,             0.00018406,             0.00018406
                    134,                0.42871,                0.30446,                0.85812,                0.94824,                0.97754,                0.98172,                0.84607,                0.62855,                0.34402,                 0.9596,             0.00017462,             0.00017462,             0.00017462
                    135,                0.41711,                0.30285,                0.85493,                0.95238,                0.97295,                0.98115,                0.84813,                0.60678,                0.34607,                0.94981,             0.00016519,             0.00016519,             0.00016519
                    136,                0.43788,                0.30319,                0.85658,                0.97872,                 0.9397,                0.98226,                0.84867,                0.61621,                 0.3505,                 0.9538,             0.00015576,             0.00015576,             0.00015576
                    137,                0.43319,                0.30194,                0.85533,                0.97857,                0.95353,                0.97837,                0.84771,                0.61576,                0.35386,                0.95501,             0.00014633,             0.00014633,             0.00014633
                    138,                 0.4278,                0.30384,                0.86383,                0.94919,                0.96676,                0.98145,                0.84649,                0.60714,                 0.3457,                0.94759,              0.0001369,              0.0001369,              0.0001369
                    139,                0.40352,                0.28372,                0.84818,                0.98872,                 0.9538,                0.98218,                0.84352,                0.61989,                 0.3405,                0.95879,             0.00012747,             0.00012747,             0.00012747
                    140,                0.40313,                0.29353,                0.84601,                0.96103,                0.97175,                0.98235,                0.84436,                0.62301,                0.34426,                0.95623,             0.00011804,             0.00011804,             0.00011804
                    141,                0.40534,                 0.2851,                0.85051,                0.96318,                0.96552,                0.98293,                0.84823,                0.62146,                0.34286,                0.95613,              0.0001086,              0.0001086,              0.0001086
                    142,                0.41502,                0.28796,                 0.8507,                0.96283,                0.96552,                0.98277,                0.85038,                0.60981,                0.33986,                0.94832,             9.9173e-05,             9.9173e-05,             9.9173e-05
                    143,                0.41011,                0.29679,                0.84656,                0.95496,                0.96552,                0.98192,                 0.8444,                0.60554,                0.34356,                0.94904,             8.9741e-05,             8.9741e-05,             8.9741e-05
                    144,                0.39613,                0.27634,                0.84751,                0.98113,                0.94828,                0.98273,                0.84574,                0.62134,                0.33721,                0.95507,              8.031e-05,              8.031e-05,              8.031e-05
                    145,                0.41101,                0.28329,                0.83645,                0.96294,                0.96552,                0.98167,                0.84904,                0.60322,                0.33663,                0.94575,             7.0878e-05,             7.0878e-05,             7.0878e-05
                    146,                0.39656,                  0.281,                0.84034,                0.95946,                0.96552,                  0.982,                0.84862,                0.60832,                0.33693,                0.94915,             6.1447e-05,             6.1447e-05,             6.1447e-05
                    147,                0.39803,                0.27944,                0.85039,                0.96357,                0.96552,                0.98185,                0.84912,                0.60617,                0.33381,                0.94745,             5.2016e-05,             5.2016e-05,             5.2016e-05
                    148,                0.39757,                0.29096,                 0.8387,                0.97245,                0.95124,                0.98251,                0.84373,                0.61952,                0.33737,                0.95113,             4.2584e-05,             4.2584e-05,             4.2584e-05
                    149,                0.40397,                 0.2847,                0.84866,                0.96517,                0.96524,                0.98225,                0.84607,                0.61912,                 0.3417,                0.95422,             3.3153e-05,             3.3153e-05,             3.3153e-05
                    150,                0.40335,                 0.2735,                0.85193,                0.96533,                0.96552,                0.98191,                0.84808,                0.61735,                0.34336,                0.95274,             2.3721e-05,             2.3721e-05,             2.3721e-05
